mf,Red,Green,Blue,HOG
40X,196.90156367,166.25184329,204.76493343,2.34070158
100X,196.46846914,162.06600957,202.74509551,0
200X,195.74650172,158.70082755,200.9571519,0
400X,189.29987849,150.37759536,192.78031155,0