mf,Red,Green,Blue,HOG
40X,27.96839973,38.67824045,28.33269781,5.38890665
100X,29.77670092,45.44603294,32.56010487,0
200X,27.50601249,45.38532196,32.32065061,0
400X,29.4867471,51.11873185,36.35026414,0