mf,Red,Green,Blue
40X,27.96839973,38.67824045,28.33269781
100X,29.77670092,45.44603294,32.56010487
200X,27.50601249,45.38532196,32.32065061
400X,29.4867471,51.11873185,36.35026414